value,yago-3,yago-4,yago-4.5.0.2,relative_change
nodes/http://yago-knowledge.org/resource/Europe/rank_weighted,4.000000,152.000000,742.000000,184.500000
nodes/http://yago-knowledge.org/resource/Europe/rank_unweighted,4.000000,188.000000,521.000000,129.250000
nodes/http://yago-knowledge.org/resource/Weimar/rank_shift,-16.000000,16.000000,-589.000000,-35.812500
nodes/http://yago-knowledge.org/resource/Portugal/rank_weighted,34.000000,5033.000000,1078.000000,30.705882
nodes/http://yago-knowledge.org/resource/Rome/rank_shift,1.000000,7.000000,29.000000,28.000000
nodes/http://yago-knowledge.org/resource/Geneva/unweighted,0.513990,0.731110,11.456513,21.289353
nodes/http://yago-knowledge.org/resource/Portugal/rank_unweighted,47.000000,4995.000000,899.000000,18.127660
nodes/http://yago-knowledge.org/resource/European_Space_Agency/rank_shift,3.000000,-1615.000000,-46.000000,-16.333333
nodes/http://yago-knowledge.org/resource/Portugal/rank_shift,13.000000,-38.000000,-179.000000,-14.769231
nodes/http://yago-knowledge.org/resource/California/rank_shift,46.000000,1.000000,-511.000000,-12.108696
nodes/http://yago-knowledge.org/resource/Iran/rank_shift,-9.000000,14.000000,97.000000,11.777778
nodes/http://yago-knowledge.org/resource/Iran/rank_unweighted,30.000000,57.000000,373.000000,11.433333
nodes/http://yago-knowledge.org/resource/California/rank_weighted,98.000000,27.000000,997.000000,9.173469
nodes/http://yago-knowledge.org/resource/Turkey/rank_shift,-1.000000,317.000000,8.000000,9.000000
nodes/http://yago-knowledge.org/resource/Finland/rank_shift,7.000000,-38.000000,61.000000,7.714286
nodes/http://yago-knowledge.org/resource/Greater_London/unweighted,0.603363,2.669208,4.420778,6.326892
nodes/http://yago-knowledge.org/resource/Iran/rank_weighted,39.000000,43.000000,276.000000,6.076923
nodes/http://yago-knowledge.org/resource/Latvia/rank_shift,6.000000,-38.000000,42.000000,6.000000
nodes/http://yago-knowledge.org/resource/Geneva/entropy_weighted,0.329531,0.328881,2.297675,5.972565
nodes/http://yago-knowledge.org/resource/Cyprus/rank_shift,23.000000,-41.000000,-114.000000,-5.956522
nodes/http://yago-knowledge.org/resource/Cyprus/rank_weighted,149.000000,5022.000000,938.000000,5.295302
nodes/http://yago-knowledge.org/resource/Finland/rank_unweighted,37.000000,4988.000000,232.000000,5.270270
nodes/http://yago-knowledge.org/resource/Finland/rank_weighted,30.000000,5026.000000,171.000000,4.700000
nodes/http://yago-knowledge.org/resource/Switzerland/unweighted,4.364396,5.483696,24.151753,4.533814
nodes/http://yago-knowledge.org/resource/Hanover/unweighted,0.206504,4.132772,1.128569,4.465113
nodes/http://yago-knowledge.org/resource/Cyprus/rank_unweighted,172.000000,4981.000000,824.000000,3.790698
nodes/http://yago-knowledge.org/resource/Great_Britain/rank_shift,49.000000,9.000000,-136.000000,-3.775510
nodes/http://yago-knowledge.org/resource/Greater_London/entropy_weighted,0.323263,0.801095,1.519793,3.701413
nodes/http://yago-knowledge.org/resource/Republic_of_Ireland/unweighted,1.112095,0.170239,5.112224,3.596931
nodes/http://yago-knowledge.org/resource/Vienna/unweighted,0.923659,0.851819,4.142296,3.484659
nodes/http://yago-knowledge.org/resource/Weimar/unweighted,0.151105,0.780349,0.660746,3.372761
nodes/http://yago-knowledge.org/resource/The_Hague/unweighted,0.989758,0.512948,3.961519,3.002512
nodes/http://yago-knowledge.org/resource/Hanover/entropy_weighted,0.176508,2.028715,0.679436,2.849313
nodes/http://yago-knowledge.org/resource/Spain/rank_weighted,8.000000,265.000000,30.000000,2.750000
nodes/http://yago-knowledge.org/resource/Rome/entropy_weighted,0.579119,2.244967,2.145792,2.705271
nodes/http://yago-knowledge.org/resource/Slovenia/rank_shift,43.000000,-38.000000,-73.000000,-2.697674
nodes/http://yago-knowledge.org/resource/Malta/rank_shift,78.000000,-38.000000,-131.000000,-2.679487
nodes/http://yago-knowledge.org/resource/Leipzig/entropy_weighted,0.350973,0.375340,1.253037,2.570182
nodes/http://yago-knowledge.org/resource/Belgium/rank_shift,5.000000,-41.000000,-7.000000,-2.400000
nodes/http://yago-knowledge.org/resource/Leipzig/unweighted,0.646767,0.580713,2.195314,2.394289
nodes/http://yago-knowledge.org/resource/California/rank_unweighted,144.000000,28.000000,486.000000,2.375000
nodes/http://yago-knowledge.org/resource/South_Holland/rank_shift,15.000000,2711.000000,-20.000000,-2.333333
nodes/http://yago-knowledge.org/resource/Canberra/rank_shift,49.000000,212.000000,157.000000,2.204082
nodes/http://yago-knowledge.org/resource/Switzerland/entropy_weighted,1.573999,1.866733,4.700887,1.986588
nodes/http://yago-knowledge.org/resource/Ireland/rank_shift,138.000000,-40.000000,-135.000000,-1.978261
nodes/http://yago-knowledge.org/resource/Republic_of_Ireland/entropy_weighted,0.583352,0.159627,1.729275,1.964378
nodes/http://yago-knowledge.org/resource/Rome/unweighted,1.346195,4.892756,3.954895,1.937831
nodes/http://yago-knowledge.org/resource/Spain/rank_unweighted,15.000000,4082.000000,44.000000,1.933333
nodes/http://yago-knowledge.org/resource/Brandenburg/unweighted,0.586034,0.351972,1.613497,1.753250
nodes/http://yago-knowledge.org/resource/Douai/rank_shift,-326.000000,96.000000,195.000000,1.598160
nodes/http://yago-knowledge.org/resource/The_Hague/entropy_weighted,0.445871,0.343995,1.144770,1.567491
nodes/http://yago-knowledge.org/resource/Malta/rank_weighted,394.000000,5032.000000,1003.000000,1.545685
nodes/http://yago-knowledge.org/resource/British_Isles/rank_shift,348.000000,71.000000,-187.000000,-1.537356
nodes/http://yago-knowledge.org/resource/East_Germany/unweighted,0.743325,4.033691,1.864056,1.507729
nodes/http://yago-knowledge.org/resource/Slovakia/rank_shift,-59.000000,-38.000000,29.000000,1.491525
nodes/http://yago-knowledge.org/resource/East_Germany/entropy_weighted,0.337765,1.934840,0.838822,1.483446
nodes/http://yago-knowledge.org/resource/Luxembourg/unweighted,0.897773,0.170239,2.225438,1.478843
nodes/http://yago-knowledge.org/resource/Copenhagen/unweighted,0.390997,0.308884,0.953019,1.437404
nodes/http://yago-knowledge.org/resource/East_Germany/rank_shift,-104.000000,9.000000,37.000000,1.355769
nodes/http://yago-knowledge.org/resource/Austria/unweighted,2.837639,0.652936,6.666545,1.349328
nodes/http://yago-knowledge.org/resource/Munich/rank_shift,32.000000,5.000000,75.000000,1.343750
nodes/http://yago-knowledge.org/resource/Austria/rank_shift,15.000000,-54.000000,-5.000000,-1.333333
nodes/http://yago-knowledge.org/resource/Netherlands/rank_shift,3.000000,3686.000000,-1.000000,-1.333333
nodes/http://yago-knowledge.org/resource/Vienna/rank_shift,144.000000,-42.000000,-48.000000,-1.333333
nodes/http://yago-knowledge.org/resource/Slovenia/rank_weighted,200.000000,5037.000000,456.000000,1.280000
nodes/http://yago-knowledge.org/resource/Hungary/rank_shift,18.000000,-38.000000,-5.000000,-1.277778
nodes/http://yago-knowledge.org/resource/Berlin/entropy_weighted,1.217040,2.178824,2.733511,1.246032
nodes/http://yago-knowledge.org/resource/Ireland/rank_weighted,351.000000,4985.000000,785.000000,1.236467
nodes/http://yago-knowledge.org/resource/Berlin/unweighted,2.647810,4.779717,5.911120,1.232456
nodes/http://yago-knowledge.org/resource/Luxembourg/entropy_weighted,0.343838,0.159627,0.753570,1.191641
nodes/http://yago-knowledge.org/resource/Copenhagen/rank_shift,721.000000,-217.000000,-118.000000,-1.163662
nodes/http://yago-knowledge.org/resource/Estonia/rank_weighted,93.000000,5025.000000,200.000000,1.150538
nodes/http://yago-knowledge.org/resource/Bulgaria/rank_shift,-140.000000,-41.000000,20.000000,1.142857
nodes/http://yago-knowledge.org/resource/Lithuania/rank_shift,22.000000,-38.000000,47.000000,1.136364
nodes/http://yago-knowledge.org/resource/Munich/entropy_weighted,0.578574,3.523792,1.185558,1.049105
nodes/http://yago-knowledge.org/resource/Estonia/rank_unweighted,127.000000,4984.000000,259.000000,1.039370
nodes/http://yago-knowledge.org/resource/Geneva/rank_shift,440.000000,-25.000000,-9.000000,-1.020455
nodes/http://yago-knowledge.org/resource/Germany/rank_shift,3.000000,1.000000,0.000000,-1.000000
nodes/http://yago-knowledge.org/resource/Luxembourg/rank_shift,-228.000000,-38.000000,0.000000,1.000000
nodes/http://yago-knowledge.org/resource/Poland/rank_shift,3.000000,-22.000000,6.000000,1.000000
nodes/http://yago-knowledge.org/resource/Spain/rank_shift,7.000000,3817.000000,14.000000,1.000000
nodes/http://yago-knowledge.org/resource/United_States/rank_unweighted,1.000000,35.000000,2.000000,1.000000
nodes/http://yago-knowledge.org/resource/United_States/rank_weighted,1.000000,41.000000,2.000000,1.000000
nodes/http://yago-knowledge.org/resource/Geneva/rank_unweighted,1348.000000,192.000000,8.000000,-0.994065
nodes/http://yago-knowledge.org/resource/Lesser_Poland_Voivodeship/unweighted,0.669836,9.004162,1.335171,0.993282
nodes/http://yago-knowledge.org/resource/Europe/unweighted,43.175998,0.778362,0.509025,-0.988210
nodes/http://yago-knowledge.org/resource/Europe/entropy_weighted,16.284777,0.459955,0.241579,-0.985165
nodes/http://yago-knowledge.org/resource/Geneva/rank_weighted,908.000000,217.000000,17.000000,-0.981278
nodes/http://yago-knowledge.org/resource/Hanover/rank_weighted,5542.000000,78.000000,120.000000,-0.978347
nodes/http://yago-knowledge.org/resource/Greater_London/rank_weighted,948.000000,118.000000,28.000000,-0.970464
nodes/http://yago-knowledge.org/resource/Hanover/rank_unweighted,6218.000000,87.000000,197.000000,-0.968318
nodes/http://yago-knowledge.org/resource/Switzerland/rank_unweighted,92.000000,72.000000,3.000000,-0.967391
nodes/http://yago-knowledge.org/resource/Greater_London/rank_unweighted,1053.000000,104.000000,38.000000,-0.963913
nodes/http://yago-knowledge.org/resource/Switzerland/rank_weighted,104.000000,83.000000,4.000000,-0.961538
nodes/http://yago-knowledge.org/resource/Weimar/rank_unweighted,9068.000000,187.000000,370.000000,-0.959197
nodes/http://yago-knowledge.org/resource/Portugal/unweighted,7.556898,0.170239,0.317885,-0.957934
nodes/http://yago-knowledge.org/resource/Portugal/entropy_weighted,3.784310,0.159627,0.198603,-0.947519
nodes/http://yago-knowledge.org/resource/Rome/rank_weighted,374.000000,71.000000,21.000000,-0.943850
nodes/http://yago-knowledge.org/resource/Leipzig/rank_weighted,810.000000,183.000000,46.000000,-0.943210
nodes/http://yago-knowledge.org/resource/Iran/unweighted,11.487190,7.903288,0.654252,-0.943045
nodes/http://yago-knowledge.org/resource/Republic_of_Ireland/rank_weighted,371.000000,5034.000000,23.000000,-0.938005
nodes/http://yago-knowledge.org/resource/Brandenburg/rank_shift,496.000000,445.000000,31.000000,-0.937500
nodes/http://yago-knowledge.org/resource/Republic_of_Ireland/rank_unweighted,480.000000,4996.000000,30.000000,-0.937500
nodes/http://yago-knowledge.org/resource/Republic_of_Ireland/rank_shift,109.000000,-38.000000,7.000000,-0.935780
nodes/http://yago-knowledge.org/resource/Germany/rank_unweighted,14.000000,88.000000,1.000000,-0.928571
nodes/http://yago-knowledge.org/resource/Vienna/rank_unweighted,587.000000,177.000000,45.000000,-0.923339
nodes/http://yago-knowledge.org/resource/Switzerland/rank_shift,-12.000000,-11.000000,-1.000000,0.916667
nodes/http://yago-knowledge.org/resource/The_Hague/rank_unweighted,545.000000,1888.000000,49.000000,-0.910092
nodes/http://yago-knowledge.org/resource/Germany/rank_weighted,11.000000,87.000000,1.000000,-0.909091
nodes/http://yago-knowledge.org/resource/Berlin/rank_weighted,141.000000,75.000000,13.000000,-0.907801
nodes/http://yago-knowledge.org/resource/Dresden/rank_shift,-43.000000,58.000000,-4.000000,0.906977
nodes/http://yago-knowledge.org/resource/Greater_London/rank_shift,105.000000,-14.000000,10.000000,-0.904762
nodes/http://yago-knowledge.org/resource/The_Hague/rank_weighted,545.000000,208.000000,53.000000,-0.902752
nodes/http://yago-knowledge.org/resource/East_Germany/rank_weighted,870.000000,80.000000,86.000000,-0.901149
nodes/http://yago-knowledge.org/resource/Lesser_Poland_Voivodeship/rank_shift,323.000000,-4.000000,34.000000,-0.894737
nodes/http://yago-knowledge.org/resource/Weimar/rank_weighted,9084.000000,171.000000,959.000000,-0.894430
nodes/http://yago-knowledge.org/resource/Austria/rank_unweighted,161.000000,209.000000,17.000000,-0.894410
nodes/http://yago-knowledge.org/resource/Finland/unweighted,9.208357,0.170239,0.973998,-0.894227
nodes/http://yago-knowledge.org/resource/Iran/entropy_weighted,3.587500,3.988183,0.385021,-0.892677
nodes/http://yago-knowledge.org/resource/Leipzig/rank_unweighted,940.000000,231.000000,103.000000,-0.890426
nodes/http://yago-knowledge.org/resource/United_States/entropy_weighted,65.037780,4.264496,7.198335,-0.889321
nodes/http://yago-knowledge.org/resource/Paris/rank_unweighted,63.000000,164.000000,7.000000,-0.888889
nodes/http://yago-knowledge.org/resource/Hanover/rank_shift,676.000000,9.000000,77.000000,-0.886095
nodes/http://yago-knowledge.org/resource/Luxembourg/rank_weighted,840.000000,5031.000000,100.000000,-0.880952
nodes/http://yago-knowledge.org/resource/Copenhagen/rank_unweighted,2001.000000,4479.000000,240.000000,-0.880060
nodes/http://yago-knowledge.org/resource/Cyprus/unweighted,2.665957,0.170239,0.339640,-0.872601
nodes/http://yago-knowledge.org/resource/Brandenburg/rank_unweighted,1113.000000,4345.000000,143.000000,-0.871518
nodes/http://yago-knowledge.org/resource/California/entropy_weighted,1.610402,8.838951,0.207919,-0.870890
nodes/http://yago-knowledge.org/resource/Finland/entropy_weighted,4.024846,0.159627,0.519860,-0.870837
nodes/http://yago-knowledge.org/resource/Berlin/rank_unweighted,175.000000,80.000000,23.000000,-0.868571
nodes/http://yago-knowledge.org/resource/Rome/rank_unweighted,375.000000,78.000000,50.000000,-0.866667
nodes/http://yago-knowledge.org/resource/Munich/rank_weighted,375.000000,53.000000,51.000000,-0.864000
nodes/http://yago-knowledge.org/resource/Paris/rank_weighted,63.000000,160.000000,9.000000,-0.857143
nodes/http://yago-knowledge.org/resource/University_of_Cambridge/rank_weighted,6379.000000,99.000000,923.000000,-0.855306
nodes/http://yago-knowledge.org/resource/Spain/entropy_weighted,9.884626,0.279629,1.479213,-0.850352
nodes/http://yago-knowledge.org/resource/University_of_Cambridge/rank_unweighted,6786.000000,108.000000,1020.000000,-0.849691
nodes/http://yago-knowledge.org/resource/Austria/rank_weighted,146.000000,263.000000,22.000000,-0.849315
nodes/http://yago-knowledge.org/resource/Malta/rank_unweighted,472.000000,4994.000000,872.000000,0.847458
nodes/http://yago-knowledge.org/resource/United_States/unweighted,168.002802,16.472292,26.163012,-0.844270
nodes/http://yago-knowledge.org/resource/East_Germany/rank_unweighted,766.000000,89.000000,123.000000,-0.839426
nodes/http://yago-knowledge.org/resource/Luxembourg/rank_unweighted,612.000000,4993.000000,100.000000,-0.836601
nodes/http://yago-knowledge.org/resource/Romania/rank_shift,24.000000,-38.000000,44.000000,0.833333
nodes/http://yago-knowledge.org/resource/California/unweighted,3.182735,24.605472,0.533426,-0.832400
nodes/http://yago-knowledge.org/resource/Bulgaria/rank_weighted,633.000000,5020.000000,108.000000,-0.829384
nodes/http://yago-knowledge.org/resource/Sweden/rank_weighted,189.000000,66.000000,33.000000,-0.825397
nodes/http://yago-knowledge.org/resource/Brandenburg/rank_weighted,617.000000,3900.000000,112.000000,-0.818476
nodes/http://yago-knowledge.org/resource/Lesser_Poland_Voivodeship/rank_unweighted,889.000000,51.000000,164.000000,-0.815523
nodes/http://yago-knowledge.org/resource/Cyprus/entropy_weighted,1.159351,0.159627,0.214652,-0.814851
nodes/http://yago-knowledge.org/resource/Spain/unweighted,21.448136,0.396768,4.193664,-0.804474
nodes/http://yago-knowledge.org/resource/Bursa/rank_shift,1563.000000,7.000000,310.000000,-0.801663
nodes/http://yago-knowledge.org/resource/Sweden/unweighted,2.130451,4.660236,3.824410,0.795118
nodes/http://yago-knowledge.org/resource/Vienna/rank_weighted,443.000000,219.000000,93.000000,-0.790068
nodes/http://yago-knowledge.org/resource/Denmark/rank_shift,36.000000,-41.000000,8.000000,-0.777778
nodes/http://yago-knowledge.org/resource/Sweden/rank_unweighted,228.000000,82.000000,52.000000,-0.771930
nodes/http://yago-knowledge.org/resource/Bulgaria/entropy_weighted,0.403225,0.159627,0.714339,0.771565
nodes/http://yago-knowledge.org/resource/Lesser_Poland_Voivodeship/rank_weighted,566.000000,55.000000,130.000000,-0.770318
nodes/http://yago-knowledge.org/resource/University_of_Cambridge/rank_shift,407.000000,9.000000,97.000000,-0.761671
nodes/http://yago-knowledge.org/resource/Turkey/rank_weighted,46.000000,4259.000000,11.000000,-0.760870
nodes/http://yago-knowledge.org/resource/Slovakia/rank_weighted,488.000000,5036.000000,121.000000,-0.752049
nodes/http://yago-knowledge.org/resource/Paris/unweighted,6.627886,0.948292,11.571458,0.745875
nodes/http://yago-knowledge.org/resource/Estonia/unweighted,3.458469,0.170239,0.888346,-0.743139
nodes/http://yago-knowledge.org/resource/Bulgaria/rank_unweighted,493.000000,4979.000000,128.000000,-0.740365
nodes/http://yago-knowledge.org/resource/Estonia/rank_shift,34.000000,-41.000000,59.000000,0.735294
nodes/http://yago-knowledge.org/resource/Estonia/entropy_weighted,1.778686,0.159627,0.472378,-0.734423
nodes/http://yago-knowledge.org/resource/South_Holland/rank_unweighted,592.000000,2933.000000,163.000000,-0.724662
nodes/http://yago-knowledge.org/resource/Brandenburg/entropy_weighted,0.411099,0.249771,0.708838,0.724250
nodes/http://yago-knowledge.org/resource/London/rank_weighted,147.000000,229.000000,41.000000,-0.721088
nodes/http://yago-knowledge.org/resource/Copenhagen/rank_weighted,1280.000000,4696.000000,358.000000,-0.720313
nodes/http://yago-knowledge.org/resource/France/entropy_weighted,21.445964,0.194131,6.157891,-0.712865
nodes/http://yago-knowledge.org/resource/Bursa/rank_unweighted,5384.000000,157.000000,1562.000000,-0.709881
nodes/http://yago-knowledge.org/resource/Malta/unweighted,1.132384,0.170239,0.328957,-0.709500
nodes/http://yago-knowledge.org/resource/Berlin/rank_shift,34.000000,5.000000,10.000000,-0.705882
nodes_reranked,9078.000000,5327.000000,2727.000000,-0.699603
sampling/nodes,9102.000000,5372.000000,2759.000000,-0.696880
nodes/http://yago-knowledge.org/resource/Munich/rank_unweighted,407.000000,58.000000,126.000000,-0.690418
nodes/http://yago-knowledge.org/resource/Slovenia/unweighted,2.040390,0.170239,0.642823,-0.684951
nodes/http://yago-knowledge.org/resource/Slovenia/entropy_weighted,0.933733,0.159627,0.295935,-0.683063
nodes/http://yago-knowledge.org/resource/South_Holland/rank_weighted,577.000000,222.000000,183.000000,-0.682842
nodes/http://yago-knowledge.org/resource/Bulgaria/unweighted,1.087119,0.170239,1.824117,0.677936
nodes/http://yago-knowledge.org/resource/Saxony/rank_shift,120.000000,20.000000,39.000000,-0.675000
sampling/edges,38836.000000,11558.000000,12720.000000,-0.672469
nodes/http://yago-knowledge.org/resource/Bursa/rank_weighted,3821.000000,150.000000,1252.000000,-0.672337
nodes/http://yago-knowledge.org/resource/London/rank_unweighted,194.000000,3839.000000,64.000000,-0.670103
nodes/http://yago-knowledge.org/resource/Hamburg/rank_weighted,338.000000,4634.000000,564.000000,0.668639
nodes/http://yago-knowledge.org/resource/Italy/rank_shift,3.000000,-38.000000,5.000000,0.666667
nodes/http://yago-knowledge.org/resource/Slovakia/rank_unweighted,429.000000,4998.000000,150.000000,-0.650350
nodes/http://yago-knowledge.org/resource/Douai/unweighted,0.557557,0.217362,0.196112,-0.648265
nodes/http://yago-knowledge.org/resource/Hamburg/unweighted,1.138106,0.242241,0.402267,-0.646547
nodes/http://yago-knowledge.org/resource/Malta/entropy_weighted,0.561871,0.159627,0.207339,-0.630985
nodes/http://yago-knowledge.org/resource/Lithuania/unweighted,2.881456,0.170239,1.064307,-0.630636
nodes/http://yago-knowledge.org/resource/Ireland/unweighted,1.095154,0.174176,0.415693,-0.620425
nodes/http://yago-knowledge.org/resource/Ireland/entropy_weighted,0.610913,0.161197,0.234982,-0.615359
nodes/http://yago-knowledge.org/resource/Belgium/rank_unweighted,31.000000,4978.000000,12.000000,-0.612903
nodes/http://yago-knowledge.org/resource/Poland/entropy_weighted,7.391882,1.456484,2.917999,-0.605243
nodes/http://yago-knowledge.org/resource/France/unweighted,59.250426,0.325691,23.535517,-0.602779
nodes/http://yago-knowledge.org/resource/Saint_Petersburg/rank_weighted,400.000000,5065.000000,159.000000,-0.602500
nodes/http://yago-knowledge.org/resource/Czech_Republic/rank_weighted,174.000000,5023.000000,72.000000,-0.586207
nodes/http://yago-knowledge.org/resource/Lithuania/entropy_weighted,1.250532,0.159627,0.524311,-0.580730
nodes/http://yago-knowledge.org/resource/Turkey/rank_unweighted,45.000000,4576.000000,19.000000,-0.577778
nodes/http://yago-knowledge.org/resource/Istanbul/rank_shift,116.000000,32.000000,49.000000,-0.577586
nodes/http://yago-knowledge.org/resource/Slovenia/rank_unweighted,243.000000,4999.000000,383.000000,0.576132
nodes/http://yago-knowledge.org/resource/Poland/unweighted,16.744702,5.146832,7.131511,-0.574103
nodes/http://yago-knowledge.org/resource/Saxony/rank_unweighted,442.000000,156.000000,190.000000,-0.570136
nodes/http://yago-knowledge.org/resource/Hamburg/entropy_weighted,0.626539,0.196121,0.272982,-0.564302
nodes/http://yago-knowledge.org/resource/Istanbul/rank_unweighted,296.000000,5189.000000,129.000000,-0.564189
nodes/http://yago-knowledge.org/resource/Leipzig/rank_shift,130.000000,48.000000,57.000000,-0.561538
nodes/http://yago-knowledge.org/resource/Warsaw/rank_weighted,156.000000,3112.000000,69.000000,-0.557692
nodes/http://yago-knowledge.org/resource/Paraguay/rank_weighted,323.000000,81.000000,143.000000,-0.557276
nodes/http://yago-knowledge.org/resource/Istanbul/rank_weighted,180.000000,5157.000000,80.000000,-0.555556
nodes/http://yago-knowledge.org/resource/Netherlands/entropy_weighted,6.196228,0.263711,2.771976,-0.552635
nodes/http://yago-knowledge.org/resource/Italy/entropy_weighted,9.671384,0.159627,4.392995,-0.545774
nodes/http://yago-knowledge.org/resource/Vienna/entropy_weighted,0.516120,0.327854,0.792737,0.535954
nodes/http://yago-knowledge.org/resource/British_Isles/rank_unweighted,1649.000000,261.000000,771.000000,-0.532444
nodes/http://yago-knowledge.org/resource/Saxony/rank_weighted,322.000000,136.000000,151.000000,-0.531056
nodes/http://yago-knowledge.org/resource/Italy/unweighted,23.094459,0.170239,10.840971,-0.530581
nodes/http://yago-knowledge.org/resource/Saint_Petersburg/rank_unweighted,548.000000,5097.000000,263.000000,-0.520073
nodes/http://yago-knowledge.org/resource/Great_Britain/entropy_weighted,0.559961,0.203160,0.271787,-0.514632
nodes/http://yago-knowledge.org/resource/Germany/entropy_weighted,8.061492,1.717360,12.206116,0.514126
nodes/http://yago-knowledge.org/resource/Hungary/entropy_weighted,1.580918,0.159627,0.768814,-0.513692
nodes/http://yago-knowledge.org/resource/Sweden/rank_shift,39.000000,16.000000,19.000000,-0.512821
nodes/http://yago-knowledge.org/resource/Great_Britain/unweighted,1.173447,0.271113,0.571778,-0.512737
nodes/http://yago-knowledge.org/resource/London/rank_shift,47.000000,3610.000000,23.000000,-0.510638
nodes/http://yago-knowledge.org/resource/Czech_Republic/rank_unweighted,197.000000,4982.000000,99.000000,-0.497462
nodes/http://yago-knowledge.org/resource/Germany/unweighted,22.223842,4.056149,33.102113,0.489486
nodes/http://yago-knowledge.org/resource/University_of_Cambridge/unweighted,0.190524,2.499160,0.283764,0.489385
nodes/http://yago-knowledge.org/resource/Canberra/unweighted,1.194330,0.282661,0.614677,-0.485337
nodes/http://yago-knowledge.org/resource/Austria/entropy_weighted,1.183145,0.280177,1.756269,0.484407
nodes/http://yago-knowledge.org/resource/Belgium/entropy_weighted,4.321868,0.159627,2.240477,-0.481595
nodes/http://yago-knowledge.org/resource/Paraguay/rank_unweighted,426.000000,99.000000,221.000000,-0.481221
nodes/http://yago-knowledge.org/resource/Hamburg/rank_unweighted,465.000000,4663.000000,688.000000,0.479570
nodes/http://yago-knowledge.org/resource/Netherlands/rank_unweighted,21.000000,4081.000000,11.000000,-0.476190
nodes/http://yago-knowledge.org/resource/Romania/unweighted,3.238886,0.170239,1.704377,-0.473777
nodes/http://yago-knowledge.org/resource/Sweden/entropy_weighted,0.977531,2.563225,1.436548,0.469568
nodes/http://yago-knowledge.org/resource/Latvia/unweighted,2.346176,0.170239,1.246031,-0.468910
nodes/http://yago-knowledge.org/resource/South_Holland/unweighted,0.917837,0.493414,1.345312,0.465742
nodes/http://yago-knowledge.org/resource/Denmark/rank_unweighted,142.000000,4983.000000,76.000000,-0.464789
nodes/http://yago-knowledge.org/resource/Munich/unweighted,1.271492,7.606894,1.849591,0.454662
nodes/http://yago-knowledge.org/resource/Great_Britain/rank_weighted,396.000000,4599.000000,576.000000,0.454545
nodes/http://yago-knowledge.org/resource/Italy/rank_weighted,9.000000,5028.000000,5.000000,-0.444444
nodes/http://yago-knowledge.org/resource/Croatia/unweighted,1.345660,0.170239,0.754444,-0.439350
nodes/http://yago-knowledge.org/resource/European_Space_Agency/entropy_weighted,1.006197,0.244970,0.569558,-0.433950
nodes/http://yago-knowledge.org/resource/European_Space_Agency/rank_unweighted,179.000000,2427.000000,102.000000,-0.430168
nodes/http://yago-knowledge.org/resource/Amsterdam/unweighted,1.266383,0.156711,0.732402,-0.421658
nodes/http://yago-knowledge.org/resource/Romania/entropy_weighted,1.382415,0.159627,0.806315,-0.416735
nodes/http://yago-knowledge.org/resource/Weimar/entropy_weighted,0.150564,0.408465,0.212607,0.412069
nodes/http://yago-knowledge.org/resource/Paris/entropy_weighted,2.424646,0.433600,3.411141,0.406862
nodes/http://yago-knowledge.org/resource/Dresden/rank_weighted,839.000000,207.000000,503.000000,-0.400477
nodes/http://yago-knowledge.org/resource/Lesser_Poland_Voivodeship/entropy_weighted,0.439455,3.437815,0.614879,0.399185
convergence/weighted/iterations,28.000000,43.000000,39.000000,0.392857
nodes/http://yago-knowledge.org/resource/Croatia/entropy_weighted,0.622312,0.159627,0.378403,-0.391939
nodes/http://yago-knowledge.org/resource/Denmark/entropy_weighted,1.557692,0.159627,0.951100,-0.389417
nodes/http://yago-knowledge.org/resource/Slovakia/entropy_weighted,0.478178,0.159627,0.663413,0.387376
nodes/http://yago-knowledge.org/resource/Amsterdam/entropy_weighted,0.628331,0.153503,0.387363,-0.383505
nodes/http://yago-knowledge.org/resource/Greece/entropy_weighted,1.339311,0.168282,0.832213,-0.378626
nodes/http://yago-knowledge.org/resource/Lithuania/rank_unweighted,157.000000,4992.000000,216.000000,0.375796
nodes/http://yago-knowledge.org/resource/Dresden/rank_unweighted,796.000000,265.000000,499.000000,-0.373116
nodes/http://yago-knowledge.org/resource/Canberra/rank_weighted,391.000000,4384.000000,247.000000,-0.368286
nodes/http://yago-knowledge.org/resource/Denmark/rank_weighted,106.000000,5024.000000,68.000000,-0.358491
nodes/http://yago-knowledge.org/resource/Latvia/entropy_weighted,0.943843,0.159627,0.606991,-0.356895
nodes/http://yago-knowledge.org/resource/Warsaw/rank_unweighted,211.000000,3132.000000,140.000000,-0.336493
nodes/http://yago-knowledge.org/resource/France/rank_unweighted,3.000000,4435.000000,4.000000,0.333333
nodes/http://yago-knowledge.org/resource/Netherlands/rank_weighted,18.000000,395.000000,12.000000,-0.333333
nodes/http://yago-knowledge.org/resource/Poland/rank_weighted,15.000000,96.000000,10.000000,-0.333333
nodes/http://yago-knowledge.org/resource/London/unweighted,2.398004,0.443288,3.189435,0.330037
nodes/http://yago-knowledge.org/resource/Latvia/rank_weighted,197.000000,5029.000000,132.000000,-0.329949
nodes/http://yago-knowledge.org/resource/Ireland/rank_unweighted,489.000000,4945.000000,650.000000,0.329243
nodes/http://yago-knowledge.org/resource/Netherlands/unweighted,15.079649,0.397674,10.198693,-0.323678
nodes/http://yago-knowledge.org/resource/Douai/rank_unweighted,1185.000000,4751.000000,1568.000000,0.323207
nodes/http://yago-knowledge.org/resource/Douai/entropy_weighted,0.258465,0.192566,0.176523,-0.317033
nodes/http://yago-knowledge.org/resource/Greece/rank_weighted,125.000000,4898.000000,87.000000,-0.304000
nodes/http://yago-knowledge.org/resource/Saint_Petersburg/rank_shift,148.000000,32.000000,104.000000,-0.297297
nodes/http://yago-knowledge.org/resource/Greece/rank_unweighted,180.000000,4800.000000,127.000000,-0.294444
nodes/http://yago-knowledge.org/resource/Hungary/unweighted,3.537167,0.170239,2.498841,-0.293548
nodes/http://yago-knowledge.org/resource/Warsaw/rank_shift,55.000000,20.000000,71.000000,0.290909
nodes/http://yago-knowledge.org/resource/Warsaw/unweighted,2.302569,0.485181,1.641812,-0.286965
nodes/http://yago-knowledge.org/resource/Greece/unweighted,2.570636,0.203730,1.837634,-0.285144
nodes/http://yago-knowledge.org/resource/Slovakia/unweighted,1.213968,0.170239,1.549817,0.276653
nodes/http://yago-knowledge.org/resource/Canberra/entropy_weighted,0.563461,0.230723,0.409225,-0.273730
nodes/http://yago-knowledge.org/resource/Dresden/unweighted,0.724059,0.528553,0.526491,-0.272861
nodes/http://yago-knowledge.org/resource/Greece/rank_shift,55.000000,-98.000000,40.000000,-0.272727
nodes/http://yago-knowledge.org/resource/Belgium/rank_weighted,26.000000,5019.000000,19.000000,-0.269231
nodes/http://yago-knowledge.org/resource/University_of_Cambridge/entropy_weighted,0.170377,1.268506,0.216169,0.268769
nodes/http://yago-knowledge.org/resource/British_Isles/rank_weighted,1301.000000,190.000000,958.000000,-0.263643
nodes/http://yago-knowledge.org/resource/Lithuania/rank_weighted,135.000000,5030.000000,169.000000,0.251852
nodes/http://yago-knowledge.org/resource/Paraguay/rank_shift,103.000000,18.000000,78.000000,-0.242718
nodes/http://yago-knowledge.org/resource/Belgium/unweighted,11.207068,0.170239,8.624177,-0.230470
nodes/http://yago-knowledge.org/resource/Amsterdam/rank_shift,74.000000,35.000000,57.000000,-0.229730
nodes/http://yago-knowledge.org/resource/British_Isles/entropy_weighted,0.275159,0.364915,0.212633,-0.227235
nodes/http://yago-knowledge.org/resource/Hungary/rank_unweighted,120.000000,4989.000000,93.000000,-0.225000
nodes/http://yago-knowledge.org/resource/Romania/rank_weighted,117.000000,5035.000000,91.000000,-0.222222
nodes/http://yago-knowledge.org/resource/Copenhagen/entropy_weighted,0.277841,0.188940,0.338101,0.216887
nodes/http://yago-knowledge.org/resource/Amsterdam/rank_unweighted,409.000000,5256.000000,328.000000,-0.198044
nodes/http://yago-knowledge.org/resource/Amsterdam/rank_weighted,335.000000,5221.000000,271.000000,-0.191045
nodes/http://yago-knowledge.org/resource/British_Isles/unweighted,0.443082,0.541953,0.362481,-0.181911
nodes/http://yago-knowledge.org/resource/Czech_Republic/rank_shift,23.000000,-41.000000,27.000000,0.173913
nodes/http://yago-knowledge.org/resource/Turkey/unweighted,7.726905,0.287808,6.387008,-0.173407
nodes/http://yago-knowledge.org/resource/Croatia/rank_weighted,341.000000,5021.000000,284.000000,-0.167155
nodes/http://yago-knowledge.org/resource/Italy/rank_unweighted,12.000000,4990.000000,10.000000,-0.166667
nodes/http://yago-knowledge.org/resource/Croatia/rank_unweighted,376.000000,4980.000000,315.000000,-0.162234
nodes/http://yago-knowledge.org/resource/Dresden/entropy_weighted,0.344337,0.344051,0.288900,-0.160996
nodes/http://yago-knowledge.org/resource/European_Space_Agency/rank_weighted,176.000000,4042.000000,148.000000,-0.159091
nodes/http://yago-knowledge.org/resource/Paraguay/unweighted,1.219669,3.293849,1.034757,-0.151608
nodes/http://yago-knowledge.org/resource/Bursa/unweighted,0.233497,1.060792,0.198210,-0.151122
sampling/distinct_predicates,34.000000,27.000000,39.000000,0.147059
nodes/http://yago-knowledge.org/resource/European_Space_Agency/unweighted,2.575564,0.501579,2.198427,-0.146429
nodes/http://yago-knowledge.org/resource/Latvia/rank_unweighted,203.000000,4991.000000,174.000000,-0.142857
nodes/http://yago-knowledge.org/resource/London/entropy_weighted,1.168908,0.307676,1.334663,0.141803
nodes/http://yago-knowledge.org/resource/Warsaw/entropy_weighted,1.099633,0.258187,0.949872,-0.136192
nodes/http://yago-knowledge.org/resource/Istanbul/entropy_weighted,0.994796,0.154437,0.860613,-0.134885
nodes/http://yago-knowledge.org/resource/Saxony/entropy_weighted,0.645642,0.544212,0.558691,-0.134674
nodes/http://yago-knowledge.org/resource/South_Holland/entropy_weighted,0.434259,0.324674,0.489891,0.128106
nodes/http://yago-knowledge.org/resource/Croatia/rank_shift,35.000000,-41.000000,31.000000,-0.114286
nodes/http://yago-knowledge.org/resource/Poland/rank_unweighted,18.000000,74.000000,16.000000,-0.111111
nodes/http://yago-knowledge.org/resource/Denmark/unweighted,3.214222,0.170239,2.861000,-0.109893
nodes/http://yago-knowledge.org/resource/Saint_Petersburg/unweighted,0.987175,0.163397,0.879746,-0.108825
nodes/http://yago-knowledge.org/resource/Paraguay/entropy_weighted,0.645465,1.918026,0.582117,-0.098143
nodes/http://yago-knowledge.org/resource/Douai/rank_weighted,1511.000000,4655.000000,1373.000000,-0.091330
nodes/http://yago-knowledge.org/resource/Czech_Republic/entropy_weighted,1.009828,0.159627,0.919976,-0.088978
nodes/http://yago-knowledge.org/resource/Canberra/rank_unweighted,440.000000,4596.000000,404.000000,-0.081818
convergence/weighted/mean_delta,0.000000,0.000000,0.000000,-0.075584
convergence/unweighted/mean_delta,0.000000,0.000000,0.000000,-0.064006
convergence/unweighted/iterations,86.000000,100.000000,81.000000,-0.058140
nodes/http://yago-knowledge.org/resource/Istanbul/unweighted,1.717746,0.158500,1.814375,0.056253
nodes/http://yago-knowledge.org/resource/Czech_Republic/unweighted,2.379126,0.170239,2.250080,-0.054241
nodes/http://yago-knowledge.org/resource/Romania/rank_unweighted,141.000000,4997.000000,135.000000,-0.042553
nodes/http://yago-knowledge.org/resource/Hungary/rank_weighted,102.000000,5027.000000,98.000000,-0.039216
nodes/http://yago-knowledge.org/resource/Turkey/entropy_weighted,3.008446,0.239672,2.893927,-0.038066
nodes/http://yago-knowledge.org/resource/Bursa/entropy_weighted,0.190062,0.464100,0.183098,-0.036642
nodes/http://yago-knowledge.org/resource/Hamburg/rank_shift,127.000000,29.000000,124.000000,-0.023622
nodes/http://yago-knowledge.org/resource/Saint_Petersburg/entropy_weighted,0.557899,0.157948,0.545184,-0.022792
nodes/http://yago-knowledge.org/resource/Saxony/unweighted,1.189837,1.067685,1.171719,-0.015228
nodes/http://yago-knowledge.org/resource/Great_Britain/rank_unweighted,445.000000,4608.000000,440.000000,-0.011236
convergence/damping,0.850000,0.850000,0.850000,0.000000
convergence/max_iterations,100.000000,100.000000,100.000000,0.000000
convergence/tolerance,0.000000,0.000000,0.000000,0.000000
nodes/http://yago-knowledge.org/resource/Europe/rank_shift,0.000000,36.000000,-221.000000,0.000000
nodes/http://yago-knowledge.org/resource/France/rank_shift,0.000000,-211.000000,1.000000,0.000000
nodes/http://yago-knowledge.org/resource/France/rank_weighted,3.000000,4646.000000,3.000000,0.000000
nodes/http://yago-knowledge.org/resource/Paris/rank_shift,0.000000,4.000000,-2.000000,0.000000
nodes/http://yago-knowledge.org/resource/The_Hague/rank_shift,0.000000,1680.000000,-4.000000,0.000000
nodes/http://yago-knowledge.org/resource/United_States/rank_shift,0.000000,-6.000000,0.000000,0.000000
sampling/hops,3.000000,3.000000,3.000000,0.000000
sampling/max_edges,200000.000000,200000.000000,200000.000000,0.000000
sampling/seeds,50.000000,50.000000,50.000000,0.000000
