class,H_yago,H_2015,H_2016,H_2022,H_2025,gap2015,gap2016,gap2022,gap2025
Person,19.84,14.49,12.84,13.76,13.34,5.35,7.00,6.08,6.49
Politician,18.82,13.78,12.06,14.44,13.88,5.04,6.75,4.37,4.94
Administrativearea,17.15,12.59,12.29,13.51,13.10,4.56,4.86,3.65,4.06
River,15.42,10.69,9.73,10.61,10.51,4.72,5.69,4.81,4.90
Album,19.22,14.68,14.41,14.64,14.39,4.54,4.81,4.58,4.83
Movie,20.02,14.73,13.63,15.00,14.08,5.29,6.38,5.02,5.93
Building,16.17,12.63,11.77,14.57,13.30,3.54,4.40,1.60,2.86
Village,17.55,10.16,9.43,11.20,11.01,7.40,8.12,6.36,6.54
Writer,18.97,12.55,9.99,11.36,11.13,6.42,8.97,7.61,7.84
Stream,14.96,10.73,9.77,10.66,10.58,4.23,5.19,4.30,4.38
Organization,14.28,14.91,13.56,14.93,14.28,0.63,0.72,0.65,0.00
Ship,13.93,13.39,12.82,14.08,12.88,0.53,1.11,0.16,1.05
Road,15.61,13.58,13.30,14.31,13.81,2.03,2.31,1.30,1.80
School,14.30,12.82,11.84,12.62,12.10,1.48,2.47,1.68,2.20
Artist,15.68,13.13,11.14,12.18,11.59,2.55,4.54,3.50,4.09
