class,pop_yago,pop_dbpedia,H_yago,H_dbpedia,delta_H,preds_yago,preds_dbpedia
Person,2\,982\,308,2\,125\,569,19.84,13.34,6.49,28,8\,898
Politician,750\,961,253\,104,18.82,13.88,4.94,37,2\,666
Mountain,526\,631,28\,184,15.76,11.45,4.31,24,1\,315
Administrativearea,518\,290,57\,382,17.15,13.10,4.06,34,2\,888
River,418\,684,31\,019,15.42,10.51,4.90,19,1\,008
Album,283\,101,165\,698,19.22,14.39,4.83,29,869
Movie,277\,804,162\,184,20.02,14.08,5.93,29,936
Building,235\,529,140\,342,16.17,13.30,2.86,31,3\,025
Village,233\,623,211\,672,17.55,11.01,6.54,31,1\,703
Writer,220\,792,47\,730,18.97,11.13,7.84,35,792
Stream,173\,598,31\,741,14.96,10.58,4.38,17,1\,136
Organization,103\,600,383\,356,14.28,14.28,-0.00,34,10\,798
Ship,77\,718,41\,394,13.93,12.88,1.05,17,1\,158
Road,70\,780,29\,502,15.61,13.81,1.80,21,947
School,50\,397,39\,146,14.30,12.10,2.20,29,1\,083
Artist,49\,271,113\,477,15.68,11.59,4.09,35,1\,395
