class,H_yago,H_dbpedia,pop_yago,pop_dbpedia,preds_yago,preds_dbpedia
person,19.8387,13.3445,2982308,2125569,28,8898
politician,18.8158,13.8803,750961,253104,37,2666
mountain,15.7592,11.4453,526631,28184,24,1315
administrativearea,17.1520,13.0957,518290,57382,34,2888
river,15.4164,10.5120,418684,31019,19,1008
album,19.2199,14.3897,283101,165698,29,869
movie,20.0157,14.0809,277804,162184,29,936
building,16.1686,13.3039,235529,140342,31,3025
village,17.5535,11.0129,233623,211672,31,1703
writer,18.9663,11.1273,220792,47730,35,792
stream,14.9588,10.5765,173598,31741,17,1136
organization,14.2752,14.2754,103600,383356,34,10798
ship,13.9264,12.8790,77718,41394,17,1158
road,15.6103,13.8117,70780,29502,21,947
school,14.3050,12.1005,50397,39146,29,1083
artist,15.6833,11.5891,49271,113477,35,1395
