snapshot,entity,props,ir_e6
yago-3,Hangul,7\,332,147.13
,4th millennium,1\,198,24.04
,5th millennium,1\,148,23.04
yago-4,Desireé Cousteau,3\,259,1.71
,Attilâ İlhan,2\,610,1.37
,Olwen Brogan,2\,578,1.36
yago-4.5.0.2,Earth,4\,152,3.68
,Bracket,3\,785,3.35
,Desireé Cousteau,3\,251,2.88
dbpedia-2015,List of Doraemon episodes (1979 anime),3\,861,43.37
,Constituency election results in the Uni...,3\,295,37.01
,List of Chopped episodes,3\,236,36.35
dbpedia-2016,List of Chopped episodes,4\,544,63.32
,List of Doraemon episodes (1979 anime),4\,369,60.89
,List of Intel Xeon microprocessors,3\,292,45.88
dbpedia-2022,List of state highways in Louisiana,4\,690,37.90
,List of Crayon Shin-chan episodes (1992–...,4\,020,32.48
,List of Advanced Dungeons \& Dragons 2nd ...,3\,433,27.74
dbpedia-2025,List of state highways in Louisiana,4\,893,37.24
,List of Crayon Shin-chan episodes (1992–...,4\,069,30.97
,List of My Favorite Murder episodes,4\,016,30.56
