pair,kind,added,kept,removed
YAGO 3 $\rightarrow$ 4,classes,10\,103,0,475\,673
YAGO 3 $\rightarrow$ 4,predicates,153,4,77
YAGO 4 $\rightarrow$ 4.5.0.2,classes,111\,122,7\,181,2\,922
YAGO 4 $\rightarrow$ 4.5.0.2,predicates,51,72,85
DBpedia 2015 $\rightarrow$ 2016,classes,7,739,1
DBpedia 2015 $\rightarrow$ 2016,predicates,6\,047,54\,477,7\,347
DBpedia 2015 $\rightarrow$ 2022,classes,64,708,32
DBpedia 2015 $\rightarrow$ 2022,predicates,20\,584,34\,107,27\,717
DBpedia 2022 $\rightarrow$ 2025,classes,7,764,8
DBpedia 2022 $\rightarrow$ 2025,predicates,8\,102,46\,831,7\,860
DBpedia 2015 $\rightarrow$ 2025,classes,71,700,40
DBpedia 2015 $\rightarrow$ 2025,predicates,23\,897,31\,036,30\,788
