class,population_a,population_b,delta_share,entropy_a,entropy_b,predicates_a,predicates_b
administrativearea,1942524,23972,0.975620,16.396796,12.589769,30,2304
bodyofwater,1377500,41675,0.941269,14.827566,11.192719,21,1651
building,214414,76119,0.476004,14.037087,12.625568,31,3167
city,43513,20943,0.350161,19.542823,12.538212,25,2354
collegeoruniversity,34174,19391,0.275982,14.907383,12.206274,30,3020
educationalorganization,475270,52318,0.801671,14.214527,13.109230,31,5516
event,539407,72907,0.761864,16.821813,15.300839,23,3805
movie,294545,101906,0.485909,18.604695,14.726829,51,1787
musicalbum,258162,132945,0.320160,16.454171,14.678204,46,1217
musicgroup,85716,82827,0.017141,16.251191,13.380539,25,2368
organization,2144509,267318,0.778327,19.465755,14.907987,39,13503
person,6433965,1587944,0.604098,20.644811,14.491526,38,12370
place,14252116,801334,0.893535,17.733092,13.979079,43,13263
product,718506,57002,0.852994,16.416384,14.084824,110,2488
riverbodyofwater,400896,27578,0.871273,13.642516,10.693519,14,945
road,61879,20123,0.509207,14.182124,13.583946,12,769
school,368027,31450,0.842544,13.210313,12.820172,29,3361
ship,47562,28712,0.247135,12.078184,13.394335,25,912
sportsevent,185745,23785,0.772968,14.708194,14.130167,18,2135
sportsteam,38470,31620,0.097731,16.071322,13.546951,26,2631
stream,124845,28024,0.633359,12.293245,10.731984,13,1085
videogame,40780,20499,0.330962,13.230185,11.419344,47,1255
village,275627,165010,0.251039,15.452458,10.157388,21,1479
