class,churn,added,deleted,unchanged,triples_v1,triples_v2
Thing,0.746177,1038719,277264,1484918,1763633,2527363
TimePeriod,0.568362,117497,46762,242242,289004,359739
TimeInterval,0.568362,117497,46762,242242,289004,359739
Person,0.540219,223721,149964,541765,691729,765486
Q5,0.540219,223721,149964,541765,691729,765486
Person,0.540219,223721,149964,541765,691729,765486
Q215627,0.540219,223721,149964,541765,691729,765486
Q729,0.539893,223829,150021,542431,692452,766260
Animal,0.539893,223829,150021,542431,692452,766260
Species,0.538748,224394,150798,545617,696415,770011
Eukaryote,0.538695,224365,150799,545632,696431,769997
Q19088,0.538695,224365,150799,545632,696431,769997
